text,sentiment
The product quality exceeded my expectations and works perfectly,positive
Amazing customer service and quick response times,positive
I am very satisfied with this purchase,positive
The application is easy to use and very intuitive,positive
Excellent value for money and highly recommended,positive
The delivery was fast and the packaging was secure,positive
This laptop performs exceptionally well for daily tasks,positive
The food was delicious and the service was outstanding,positive
I love the design and build quality of this product,positive
The hotel staff were friendly and helpful throughout my stay,positive
The product quality exceeded my expectations and works perfectly,positive
Amazing customer service and quick response times,positive
I am very satisfied with this purchase,positive
The application is easy to use and very intuitive,positive
Excellent value for money and highly recommended,positive
The delivery was fast and the packaging was secure,positive
This laptop performs exceptionally well for daily tasks,positive
The food was delicious and the service was outstanding,positive
I love the design and build quality of this product,positive
The hotel staff were friendly and helpful throughout my stay,positive
The product quality exceeded my expectations and works perfectly,positive
Amazing customer service and quick response times,positive
I am very satisfied with this purchase,positive
The application is easy to use and very intuitive,positive
Excellent value for money and highly recommended,positive
The delivery was fast and the packaging was secure,positive
This laptop performs exceptionally well for daily tasks,positive
The food was delicious and the service was outstanding,positive
I love the design and build quality of this product,positive
The hotel staff were friendly and helpful throughout my stay,positive
The product quality exceeded my expectations and works perfectly,positive
Amazing customer service and quick response times,positive
I am very satisfied with this purchase,positive
The application is easy to use and very intuitive,positive
Excellent value for money and highly recommended,positive
The delivery was fast and the packaging was secure,positive
This laptop performs exceptionally well for daily tasks,positive
The food was delicious and the service was outstanding,positive
I love the design and build quality of this product,positive
The hotel staff were friendly and helpful throughout my stay,positive
The product quality exceeded my expectations and works perfectly,positive
Amazing customer service and quick response times,positive
I am very satisfied with this purchase,positive
The application is easy to use and very intuitive,positive
Excellent value for money and highly recommended,positive
The delivery was fast and the packaging was secure,positive
This laptop performs exceptionally well for daily tasks,positive
The food was delicious and the service was outstanding,positive
I love the design and build quality of this product,positive
The hotel staff were friendly and helpful throughout my stay,positive
The product quality exceeded my expectations and works perfectly,positive
Amazing customer service and quick response times,positive
I am very satisfied with this purchase,positive
The application is easy to use and very intuitive,positive
Excellent value for money and highly recommended,positive
The delivery was fast and the packaging was secure,positive
This laptop performs exceptionally well for daily tasks,positive
The food was delicious and the service was outstanding,positive
I love the design and build quality of this product,positive
The hotel staff were friendly and helpful throughout my stay,positive
The product quality exceeded my expectations and works perfectly,positive
Amazing customer service and quick response times,positive
I am very satisfied with this purchase,positive
The application is easy to use and very intuitive,positive
Excellent value for money and highly recommended,positive
The delivery was fast and the packaging was secure,positive
This laptop performs exceptionally well for daily tasks,positive
The food was delicious and the service was outstanding,positive
I love the design and build quality of this product,positive
The hotel staff were friendly and helpful throughout my stay,positive
The product quality exceeded my expectations and works perfectly,positive
Amazing customer service and quick response times,positive
I am very satisfied with this purchase,positive
The application is easy to use and very intuitive,positive
Excellent value for money and highly recommended,positive
The delivery was fast and the packaging was secure,positive
This laptop performs exceptionally well for daily tasks,positive
The food was delicious and the service was outstanding,positive
I love the design and build quality of this product,positive
The hotel staff were friendly and helpful throughout my stay,positive
The product quality exceeded my expectations and works perfectly,positive
Amazing customer service and quick response times,positive
I am very satisfied with this purchase,positive
The application is easy to use and very intuitive,positive
Excellent value for money and highly recommended,positive
The delivery was fast and the packaging was secure,positive
This laptop performs exceptionally well for daily tasks,positive
The food was delicious and the service was outstanding,positive
I love the design and build quality of this product,positive
The hotel staff were friendly and helpful throughout my stay,positive
The product quality exceeded my expectations and works perfectly,positive
Amazing customer service and quick response times,positive
I am very satisfied with this purchase,positive
The application is easy to use and very intuitive,positive
Excellent value for money and highly recommended,positive
The delivery was fast and the packaging was secure,positive
This laptop performs exceptionally well for daily tasks,positive
The food was delicious and the service was outstanding,positive
I love the design and build quality of this product,positive
The hotel staff were friendly and helpful throughout my stay,positive
The product stopped working after two days,negative
Terrible customer support and no response to complaints,negative
I regret buying this product,negative
The application crashes frequently and is unusable,negative
Very poor quality and not worth the price,negative
Delivery was delayed and the package arrived damaged,negative
The laptop overheats even during simple tasks,negative
The food was cold and tasted awful,negative
I am extremely disappointed with this purchase,negative
The hotel room was dirty and poorly maintained,negative
The product stopped working after two days,negative
Terrible customer support and no response to complaints,negative
I regret buying this product,negative
The application crashes frequently and is unusable,negative
Very poor quality and not worth the price,negative
Delivery was delayed and the package arrived damaged,negative
The laptop overheats even during simple tasks,negative
The food was cold and tasted awful,negative
I am extremely disappointed with this purchase,negative
The hotel room was dirty and poorly maintained,negative
The product stopped working after two days,negative
Terrible customer support and no response to complaints,negative
I regret buying this product,negative
The application crashes frequently and is unusable,negative
Very poor quality and not worth the price,negative
Delivery was delayed and the package arrived damaged,negative
The laptop overheats even during simple tasks,negative
The food was cold and tasted awful,negative
I am extremely disappointed with this purchase,negative
The hotel room was dirty and poorly maintained,negative
The product stopped working after two days,negative
Terrible customer support and no response to complaints,negative
I regret buying this product,negative
The application crashes frequently and is unusable,negative
Very poor quality and not worth the price,negative
Delivery was delayed and the package arrived damaged,negative
The laptop overheats even during simple tasks,negative
The food was cold and tasted awful,negative
I am extremely disappointed with this purchase,negative
The hotel room was dirty and poorly maintained,negative
The product stopped working after two days,negative
Terrible customer support and no response to complaints,negative
I regret buying this product,negative
The application crashes frequently and is unusable,negative
Very poor quality and not worth the price,negative
Delivery was delayed and the package arrived damaged,negative
The laptop overheats even during simple tasks,negative
The food was cold and tasted awful,negative
I am extremely disappointed with this purchase,negative
The hotel room was dirty and poorly maintained,negative
The product stopped working after two days,negative
Terrible customer support and no response to complaints,negative
I regret buying this product,negative
The application crashes frequently and is unusable,negative
Very poor quality and not worth the price,negative
Delivery was delayed and the package arrived damaged,negative
The laptop overheats even during simple tasks,negative
The food was cold and tasted awful,negative
I am extremely disappointed with this purchase,negative
The hotel room was dirty and poorly maintained,negative
The product stopped working after two days,negative
Terrible customer support and no response to complaints,negative
I regret buying this product,negative
The application crashes frequently and is unusable,negative
Very poor quality and not worth the price,negative
Delivery was delayed and the package arrived damaged,negative
The laptop overheats even during simple tasks,negative
The food was cold and tasted awful,negative
I am extremely disappointed with this purchase,negative
The hotel room was dirty and poorly maintained,negative
The product stopped working after two days,negative
Terrible customer support and no response to complaints,negative
I regret buying this product,negative
The application crashes frequently and is unusable,negative
Very poor quality and not worth the price,negative
Delivery was delayed and the package arrived damaged,negative
The laptop overheats even during simple tasks,negative
The food was cold and tasted awful,negative
I am extremely disappointed with this purchase,negative
The hotel room was dirty and poorly maintained,negative
The product stopped working after two days,negative
Terrible customer support and no response to complaints,negative
I regret buying this product,negative
The application crashes frequently and is unusable,negative
Very poor quality and not worth the price,negative
Delivery was delayed and the package arrived damaged,negative
The laptop overheats even during simple tasks,negative
The food was cold and tasted awful,negative
I am extremely disappointed with this purchase,negative
The hotel room was dirty and poorly maintained,negative
The product stopped working after two days,negative
Terrible customer support and no response to complaints,negative
I regret buying this product,negative
The application crashes frequently and is unusable,negative
Very poor quality and not worth the price,negative
Delivery was delayed and the package arrived damaged,negative
The laptop overheats even during simple tasks,negative
The food was cold and tasted awful,negative
I am extremely disappointed with this purchase,negative
The hotel room was dirty and poorly maintained,negative
very bad,negative
bad product,negative
poor quality,negative
not good,negative
horrible experience,negative
terrible service,negative
waste of money,negative
extremely disappointed,negative
awful support,negative
worst purchase ever,negative
very good,positive
excellent product,positive
amazing quality,positive
fantastic service,positive
highly recommended,positive
best experience ever,positive
great purchase,positive
outstanding performance,positive
loved this product,positive
worth every penny,positive